STRUCTURE,STRUCTURE_ID,STRUCTURE_NAME,ACTION,REF_AREA,Reference area,FREQ,Frequency of observation,MEASURE,Measure,UNIT_MEASURE,Unit of measure,ACTIVITY,Economic activity,ADJUSTMENT,Adjustment,TRANSFORMATION,Transformation,TIME_PERIOD,Time period,OBS_VALUE,Observation value,OBS_STATUS,Observation status,UNIT_MULT,Unit multiplier,DECIMALS,Decimals,BASE_PER,Base period
DATAFLOW,OECD.SDD.STES:DSD_KEI@DF_KEI(4.0),Key short-term economic indicators,I,IND,India,M,Monthly,CC,Nominal exchange rates,XDC_USD,National currency per US dollar,_Z,Not applicable,_Z,Not applicable,_Z,Not applicable,2014-06,,59.7480476014286,,A,Normal value,0,Units,1,One,,
DATAFLOW,OECD.SDD.STES:DSD_KEI@DF_KEI(4.0),Key short-term economic indicators,I,IND,India,M,Monthly,CC,Nominal exchange rates,XDC_USD,National currency per US dollar,_Z,Not applicable,_Z,Not applicable,_Z,Not applicable,2019-06,,69.4279,,A,Normal value,0,Units,1,One,,
DATAFLOW,OECD.SDD.STES:DSD_KEI@DF_KEI(4.0),Key short-term economic indicators,I,IND,India,M,Monthly,CC,Nominal exchange rates,XDC_USD,National currency per US dollar,_Z,Not applicable,_Z,Not applicable,_Z,Not applicable,2014-01,,62.0992391826087,,A,Normal value,0,Units,1,One,,
DATAFLOW,OECD.SDD.STES:DSD_KEI@DF_KEI(4.0),Key short-term economic indicators,I,IND,India,M,Monthly,CC,Nominal exchange rates,XDC_USD,National currency per US dollar,_Z,Not applicable,_Z,Not applicable,_Z,Not applicable,2025-07,,86.1374217391304,,A,Normal value,0,Units,1,One,,
DATAFLOW,OECD.SDD.STES:DSD_KEI@DF_KEI(4.0),Key short-term economic indicators,I,IND,India,M,Monthly,CC,Nominal exchange rates,XDC_USD,National currency per US dollar,_Z,Not applicable,_Z,Not applicable,_Z,Not applicable,2025-08,,87.5746452380952,,A,Normal value,0,Units,1,One,,
DATAFLOW,OECD.SDD.STES:DSD_KEI@DF_KEI(4.0),Key short-term economic indicators,I,IND,India,M,Monthly,CC,Nominal exchange rates,XDC_USD,National currency per US dollar,_Z,Not applicable,_Z,Not applicable,_Z,Not applicable,2019-03,,69.5151095238095,,A,Normal value,0,Units,1,One,,
DATAFLOW,OECD.SDD.STES:DSD_KEI@DF_KEI(4.0),Key short-term economic indicators,I,IND,India,M,Monthly,CC,Nominal exchange rates,XDC_USD,National currency per US dollar,_Z,Not applicable,_Z,Not applicable,_Z,Not applicable,2019-04,,69.4237409090909,,A,Normal value,0,Units,1,One,,
DATAFLOW,OECD.SDD.STES:DSD_KEI@DF_KEI(4.0),Key short-term economic indicators,I,IND,India,M,Monthly,CC,Nominal exchange rates,XDC_USD,National currency per US dollar,_Z,Not applicable,_Z,Not applicable,_Z,Not applicable,2019-05,,69.7990956521739,,A,Normal value,0,Units,1,One,,
DATAFLOW,OECD.SDD.STES:DSD_KEI@DF_KEI(4.0),Key short-term economic indicators,I,IND,India,M,Monthly,CC,Nominal exchange rates,XDC_USD,National currency per US dollar,_Z,Not applicable,_Z,Not applicable,_Z,Not applicable,2007-08,,40.8270006595652,,A,Normal value,0,Units,1,One,,
DATAFLOW,OECD.SDD.STES:DSD_KEI@DF_KEI(4.0),Key short-term economic indicators,I,IND,India,M,Monthly,CC,Nominal exchange rates,XDC_USD,National currency per US dollar,_Z,Not applicable,_Z,Not applicable,_Z,Not applicable,2007-09,,40.305649949,,A,Normal value,0,Units,1,One,,
DATAFLOW,OECD.SDD.STES:DSD_KEI@DF_KEI(4.0),Key short-term economic indicators,I,IND,India,M,Monthly,CC,Nominal exchange rates,XDC_USD,National currency per US dollar,_Z,Not applicable,_Z,Not applicable,_Z,Not applicable,2007-10,,39.521000073913,,A,Normal value,0,Units,1,One,,
DATAFLOW,OECD.SDD.STES:DSD_KEI@DF_KEI(4.0),Key short-term economic indicators,I,IND,India,M,Monthly,CC,Nominal exchange rates,XDC_USD,National currency per US dollar,_Z,Not applicable,_Z,Not applicable,_Z,Not applicable,2007-11,,39.4696818272727,,A,Normal value,0,Units,1,One,,
DATAFLOW,OECD.SDD.STES:DSD_KEI@DF_KEI(4.0),Key short-term economic indicators,I,IND,India,M,Monthly,CC,Nominal exchange rates,XDC_USD,National currency per US dollar,_Z,Not applicable,_Z,Not applicable,_Z,Not applicable,2007-12,,39.4518493655,,A,Normal value,0,Units,1,One,,
DATAFLOW,OECD.SDD.STES:DSD_KEI@DF_KEI(4.0),Key short-term economic indicators,I,IND,India,M,Monthly,CC,Nominal exchange rates,XDC_USD,National currency per US dollar,_Z,Not applicable,_Z,Not applicable,_Z,Not applicable,2008-01,,39.3683476656522,,A,Normal value,0,Units,1,One,,
DATAFLOW,OECD.SDD.STES:DSD_KEI@DF_KEI(4.0),Key short-term economic indicators,I,IND,India,M,Monthly,CC,Nominal exchange rates,XDC_USD,National currency per US dollar,_Z,Not applicable,_Z,Not applicable,_Z,Not applicable,2025-09,,88.320825,,A,Normal value,0,Units,1,One,,
DATAFLOW,OECD.SDD.STES:DSD_KEI@DF_KEI(4.0),Key short-term economic indicators,I,IND,India,M,Monthly,CC,Nominal exchange rates,XDC_USD,National currency per US dollar,_Z,Not applicable,_Z,Not applicable,_Z,Not applicable,2025-10,,88.3938891304348,,A,Normal value,0,Units,1,One,,
DATAFLOW,OECD.SDD.STES:DSD_KEI@DF_KEI(4.0),Key short-term economic indicators,I,IND,India,M,Monthly,CC,Nominal exchange rates,XDC_USD,National currency per US dollar,_Z,Not applicable,_Z,Not applicable,_Z,Not applicable,2025-11,,88.8611275,,A,Normal value,0,Units,1,One,,
DATAFLOW,OECD.SDD.STES:DSD_KEI@DF_KEI(4.0),Key short-term economic indicators,I,IND,India,M,Monthly,CC,Nominal exchange rates,XDC_USD,National currency per US dollar,_Z,Not applicable,_Z,Not applicable,_Z,Not applicable,2025-12,,90.0201369565217,,A,Normal value,0,Units,1,One,,
DATAFLOW,OECD.SDD.STES:DSD_KEI@DF_KEI(4.0),Key short-term economic indicators,I,IND,India,M,Monthly,CC,Nominal exchange rates,XDC_USD,National currency per US dollar,_Z,Not applicable,_Z,Not applicable,_Z,Not applicable,2025-02,,87.08497,,A,Normal value,0,Units,1,One,,
DATAFLOW,OECD.SDD.STES:DSD_KEI@DF_KEI(4.0),Key short-term economic indicators,I,IND,India,M,Monthly,CC,Nominal exchange rates,XDC_USD,National currency per US dollar,_Z,Not applicable,_Z,Not applicable,_Z,Not applicable,2013-10,,61.581391376087,,A,Normal value,0,Units,1,One,,
DATAFLOW,OECD.SDD.STES:DSD_KEI@DF_KEI(4.0),Key short-term economic indicators,I,IND,India,M,Monthly,CC,Nominal exchange rates,XDC_USD,National currency per US dollar,_Z,Not applicable,_Z,Not applicable,_Z,Not applicable,2013-11,,62.5530955,,A,Normal value,0,Units,1,One,,
DATAFLOW,OECD.SDD.STES:DSD_KEI@DF_KEI(4.0),Key short-term economic indicators,I,IND,India,M,Monthly,CC,Nominal exchange rates,XDC_USD,National currency per US dollar,_Z,Not applicable,_Z,Not applicable,_Z,Not applicable,2013-12,,61.8445710685714,,A,Normal value,0,Units,1,One,,
DATAFLOW,OECD.SDD.STES:DSD_KEI@DF_KEI(4.0),Key short-term economic indicators,I,IND,India,M,Monthly,CC,Nominal exchange rates,XDC_USD,National currency per US dollar,_Z,Not applicable,_Z,Not applicable,_Z,Not applicable,2019-12,,71.1826045454546,,A,Normal value,0,Units,1,One,,
DATAFLOW,OECD.SDD.STES:DSD_KEI@DF_KEI(4.0),Key short-term economic indicators,I,IND,India,M,Monthly,CC,Nominal exchange rates,XDC_USD,National currency per US dollar,_Z,Not applicable,_Z,Not applicable,_Z,Not applicable,2020-01,,71.2924869565217,,A,Normal value,0,Units,1,One,,
DATAFLOW,OECD.SDD.STES:DSD_KEI@DF_KEI(4.0),Key short-term economic indicators,I,IND,India,M,Monthly,CC,Nominal exchange rates,XDC_USD,National currency per US dollar,_Z,Not applicable,_Z,Not applicable,_Z,Not applicable,2020-02,,71.49953,,A,Normal value,0,Units,1,One,,
DATAFLOW,OECD.SDD.STES:DSD_KEI@DF_KEI(4.0),Key short-term economic indicators,I,IND,India,M,Monthly,CC,Nominal exchange rates,XDC_USD,National currency per US dollar,_Z,Not applicable,_Z,Not applicable,_Z,Not applicable,2020-03,,74.49565,,A,Normal value,0,Units,1,One,,
DATAFLOW,OECD.SDD.STES:DSD_KEI@DF_KEI(4.0),Key short-term economic indicators,I,IND,India,M,Monthly,CC,Nominal exchange rates,XDC_USD,National currency per US dollar,_Z,Not applicable,_Z,Not applicable,_Z,Not applicable,2020-04,,76.19045,,A,Normal value,0,Units,1,One,,
DATAFLOW,OECD.SDD.STES:DSD_KEI@DF_KEI(4.0),Key short-term economic indicators,I,IND,India,M,Monthly,CC,Nominal exchange rates,XDC_USD,National currency per US dollar,_Z,Not applicable,_Z,Not applicable,_Z,Not applicable,2020-05,,75.6670523809524,,A,Normal value,0,Units,1,One,,
DATAFLOW,OECD.SDD.STES:DSD_KEI@DF_KEI(4.0),Key short-term economic indicators,I,IND,India,M,Monthly,CC,Nominal exchange rates,XDC_USD,National currency per US dollar,_Z,Not applicable,_Z,Not applicable,_Z,Not applicable,2020-06,,75.7491272727273,,A,Normal value,0,Units,1,One,,
DATAFLOW,OECD.SDD.STES:DSD_KEI@DF_KEI(4.0),Key short-term economic indicators,I,IND,India,M,Monthly,CC,Nominal exchange rates,XDC_USD,National currency per US dollar,_Z,Not applicable,_Z,Not applicable,_Z,Not applicable,2020-07,,74.9667173913043,,A,Normal value,0,Units,1,One,,
DATAFLOW,OECD.SDD.STES:DSD_KEI@DF_KEI(4.0),Key short-term economic indicators,I,IND,India,M,Monthly,CC,Nominal exchange rates,XDC_USD,National currency per US dollar,_Z,Not applicable,_Z,Not applicable,_Z,Not applicable,2020-08,,74.6297952380952,,A,Normal value,0,Units,1,One,,
DATAFLOW,OECD.SDD.STES:DSD_KEI@DF_KEI(4.0),Key short-term economic indicators,I,IND,India,M,Monthly,CC,Nominal exchange rates,XDC_USD,National currency per US dollar,_Z,Not applicable,_Z,Not applicable,_Z,Not applicable,2020-09,,73.5113909090909,,A,Normal value,0,Units,1,One,,
DATAFLOW,OECD.SDD.STES:DSD_KEI@DF_KEI(4.0),Key short-term economic indicators,I,IND,India,M,Monthly,CC,Nominal exchange rates,XDC_USD,National currency per US dollar,_Z,Not applicable,_Z,Not applicable,_Z,Not applicable,2020-10,,73.4861363636364,,A,Normal value,0,Units,1,One,,
DATAFLOW,OECD.SDD.STES:DSD_KEI@DF_KEI(4.0),Key short-term economic indicators,I,IND,India,M,Monthly,CC,Nominal exchange rates,XDC_USD,National currency per US dollar,_Z,Not applicable,_Z,Not applicable,_Z,Not applicable,2020-11,,74.2792857142857,,A,Normal value,0,Units,1,One,,
DATAFLOW,OECD.SDD.STES:DSD_KEI@DF_KEI(4.0),Key short-term economic indicators,I,IND,India,M,Monthly,CC,Nominal exchange rates,XDC_USD,National currency per US dollar,_Z,Not applicable,_Z,Not applicable,_Z,Not applicable,2006-01,,44.3853177145455,,A,Normal value,0,Units,1,One,,
DATAFLOW,OECD.SDD.STES:DSD_KEI@DF_KEI(4.0),Key short-term economic indicators,I,IND,India,M,Monthly,CC,Nominal exchange rates,XDC_USD,National currency per US dollar,_Z,Not applicable,_Z,Not applicable,_Z,Not applicable,2006-02,,44.3266498555,,A,Normal value,0,Units,1,One,,
DATAFLOW,OECD.SDD.STES:DSD_KEI@DF_KEI(4.0),Key short-term economic indicators,I,IND,India,M,Monthly,CC,Nominal exchange rates,XDC_USD,National currency per US dollar,_Z,Not applicable,_Z,Not applicable,_Z,Not applicable,2006-03,,44.4950000926087,,A,Normal value,0,Units,1,One,,
DATAFLOW,OECD.SDD.STES:DSD_KEI@DF_KEI(4.0),Key short-term economic indicators,I,IND,India,M,Monthly,CC,Nominal exchange rates,XDC_USD,National currency per US dollar,_Z,Not applicable,_Z,Not applicable,_Z,Not applicable,2006-04,,44.9474996565,,A,Normal value,0,Units,1,One,,
DATAFLOW,OECD.SDD.STES:DSD_KEI@DF_KEI(4.0),Key short-term economic indicators,I,IND,India,M,Monthly,CC,Nominal exchange rates,XDC_USD,National currency per US dollar,_Z,Not applicable,_Z,Not applicable,_Z,Not applicable,2006-05,,45.3471303178261,,A,Normal value,0,Units,1,One,,
DATAFLOW,OECD.SDD.STES:DSD_KEI@DF_KEI(4.0),Key short-term economic indicators,I,IND,India,M,Monthly,CC,Nominal exchange rates,XDC_USD,National currency per US dollar,_Z,Not applicable,_Z,Not applicable,_Z,Not applicable,2006-06,,46.0553183127273,,A,Normal value,0,Units,1,One,,
DATAFLOW,OECD.SDD.STES:DSD_KEI@DF_KEI(4.0),Key short-term economic indicators,I,IND,India,M,Monthly,CC,Nominal exchange rates,XDC_USD,National currency per US dollar,_Z,Not applicable,_Z,Not applicable,_Z,Not applicable,2006-07,,46.4729521614286,,A,Normal value,0,Units,1,One,,
DATAFLOW,OECD.SDD.STES:DSD_KEI@DF_KEI(4.0),Key short-term economic indicators,I,IND,India,M,Monthly,CC,Nominal exchange rates,XDC_USD,National currency per US dollar,_Z,Not applicable,_Z,Not applicable,_Z,Not applicable,2006-08,,46.5260865582609,,A,Normal value,0,Units,1,One,,
DATAFLOW,OECD.SDD.STES:DSD_KEI@DF_KEI(4.0),Key short-term economic indicators,I,IND,India,M,Monthly,CC,Nominal exchange rates,XDC_USD,National currency per US dollar,_Z,Not applicable,_Z,Not applicable,_Z,Not applicable,2006-09,,46.1042378747619,,A,Normal value,0,Units,1,One,,
DATAFLOW,OECD.SDD.STES:DSD_KEI@DF_KEI(4.0),Key short-term economic indicators,I,IND,India,M,Monthly,CC,Nominal exchange rates,XDC_USD,National currency per US dollar,_Z,Not applicable,_Z,Not applicable,_Z,Not applicable,2006-10,,45.4524546527273,,A,Normal value,0,Units,1,One,,
DATAFLOW,OECD.SDD.STES:DSD_KEI@DF_KEI(4.0),Key short-term economic indicators,I,IND,India,M,Monthly,CC,Nominal exchange rates,XDC_USD,National currency per US dollar,_Z,Not applicable,_Z,Not applicable,_Z,Not applicable,2006-11,,44.8334999081818,,A,Normal value,0,Units,1,One,,
DATAFLOW,OECD.SDD.STES:DSD_KEI@DF_KEI(4.0),Key short-term economic indicators,I,IND,India,M,Monthly,CC,Nominal exchange rates,XDC_USD,National currency per US dollar,_Z,Not applicable,_Z,Not applicable,_Z,Not applicable,2006-12,,44.5392857509524,,A,Normal value,0,Units,1,One,,
DATAFLOW,OECD.SDD.STES:DSD_KEI@DF_KEI(4.0),Key short-term economic indicators,I,IND,India,M,Monthly,CC,Nominal exchange rates,XDC_USD,National currency per US dollar,_Z,Not applicable,_Z,Not applicable,_Z,Not applicable,2007-01,,44.3013481473913,,A,Normal value,0,Units,1,One,,
DATAFLOW,OECD.SDD.STES:DSD_KEI@DF_KEI(4.0),Key short-term economic indicators,I,IND,India,M,Monthly,CC,Nominal exchange rates,XDC_USD,National currency per US dollar,_Z,Not applicable,_Z,Not applicable,_Z,Not applicable,2007-02,,44.137750625,,A,Normal value,0,Units,1,One,,
DATAFLOW,OECD.SDD.STES:DSD_KEI@DF_KEI(4.0),Key short-term economic indicators,I,IND,India,M,Monthly,CC,Nominal exchange rates,XDC_USD,National currency per US dollar,_Z,Not applicable,_Z,Not applicable,_Z,Not applicable,2020-12,,73.6197826086957,,A,Normal value,0,Units,1,One,,
DATAFLOW,OECD.SDD.STES:DSD_KEI@DF_KEI(4.0),Key short-term economic indicators,I,IND,India,M,Monthly,CC,Nominal exchange rates,XDC_USD,National currency per US dollar,_Z,Not applicable,_Z,Not applicable,_Z,Not applicable,2021-01,,73.1004238095238,,A,Normal value,0,Units,1,One,,
DATAFLOW,OECD.SDD.STES:DSD_KEI@DF_KEI(4.0),Key short-term economic indicators,I,IND,India,M,Monthly,CC,Nominal exchange rates,XDC_USD,National currency per US dollar,_Z,Not applicable,_Z,Not applicable,_Z,Not applicable,2021-02,,72.78943,,A,Normal value,0,Units,1,One,,
DATAFLOW,OECD.SDD.STES:DSD_KEI@DF_KEI(4.0),Key short-term economic indicators,I,IND,India,M,Monthly,CC,Nominal exchange rates,XDC_USD,National currency per US dollar,_Z,Not applicable,_Z,Not applicable,_Z,Not applicable,2021-03,,72.8020652173913,,A,Normal value,0,Units,1,One,,
DATAFLOW,OECD.SDD.STES:DSD_KEI@DF_KEI(4.0),Key short-term economic indicators,I,IND,India,M,Monthly,CC,Nominal exchange rates,XDC_USD,National currency per US dollar,_Z,Not applicable,_Z,Not applicable,_Z,Not applicable,2014-07,,60.0732523030435,,A,Normal value,0,Units,1,One,,
DATAFLOW,OECD.SDD.STES:DSD_KEI@DF_KEI(4.0),Key short-term economic indicators,I,IND,India,M,Monthly,CC,Nominal exchange rates,XDC_USD,National currency per US dollar,_Z,Not applicable,_Z,Not applicable,_Z,Not applicable,2014-08,,60.8698189152381,,A,Normal value,0,Units,1,One,,
DATAFLOW,OECD.SDD.STES:DSD_KEI@DF_KEI(4.0),Key short-term economic indicators,I,IND,India,M,Monthly,CC,Nominal exchange rates,XDC_USD,National currency per US dollar,_Z,Not applicable,_Z,Not applicable,_Z,Not applicable,2014-09,,60.8732951768182,,A,Normal value,0,Units,1,One,,
DATAFLOW,OECD.SDD.STES:DSD_KEI@DF_KEI(4.0),Key short-term economic indicators,I,IND,India,M,Monthly,CC,Nominal exchange rates,XDC_USD,National currency per US dollar,_Z,Not applicable,_Z,Not applicable,_Z,Not applicable,2014-10,,61.3935825504348,,A,Normal value,0,Units,1,One,,
DATAFLOW,OECD.SDD.STES:DSD_KEI@DF_KEI(4.0),Key short-term economic indicators,I,IND,India,M,Monthly,CC,Nominal exchange rates,XDC_USD,National currency per US dollar,_Z,Not applicable,_Z,Not applicable,_Z,Not applicable,2014-11,,61.7053596505,,A,Normal value,0,Units,1,One,,
DATAFLOW,OECD.SDD.STES:DSD_KEI@DF_KEI(4.0),Key short-term economic indicators,I,IND,India,M,Monthly,CC,Nominal exchange rates,XDC_USD,National currency per US dollar,_Z,Not applicable,_Z,Not applicable,_Z,Not applicable,2014-12,,62.7804829156522,,A,Normal value,0,Units,1,One,,
DATAFLOW,OECD.SDD.STES:DSD_KEI@DF_KEI(4.0),Key short-term economic indicators,I,IND,India,M,Monthly,CC,Nominal exchange rates,XDC_USD,National currency per US dollar,_Z,Not applicable,_Z,Not applicable,_Z,Not applicable,2015-01,,62.2106819159091,,A,Normal value,0,Units,1,One,,
DATAFLOW,OECD.SDD.STES:DSD_KEI@DF_KEI(4.0),Key short-term economic indicators,I,IND,India,M,Monthly,CC,Nominal exchange rates,XDC_USD,National currency per US dollar,_Z,Not applicable,_Z,Not applicable,_Z,Not applicable,2015-02,,62.0572448725,,A,Normal value,0,Units,1,One,,
DATAFLOW,OECD.SDD.STES:DSD_KEI@DF_KEI(4.0),Key short-term economic indicators,I,IND,India,M,Monthly,CC,Nominal exchange rates,XDC_USD,National currency per US dollar,_Z,Not applicable,_Z,Not applicable,_Z,Not applicable,2015-03,,62.4811087518182,,A,Normal value,0,Units,1,One,,
DATAFLOW,OECD.SDD.STES:DSD_KEI@DF_KEI(4.0),Key short-term economic indicators,I,IND,India,M,Monthly,CC,Nominal exchange rates,XDC_USD,National currency per US dollar,_Z,Not applicable,_Z,Not applicable,_Z,Not applicable,2015-04,,62.7282863968182,,A,Normal value,0,Units,1,One,,
DATAFLOW,OECD.SDD.STES:DSD_KEI@DF_KEI(4.0),Key short-term economic indicators,I,IND,India,M,Monthly,CC,Nominal exchange rates,XDC_USD,National currency per US dollar,_Z,Not applicable,_Z,Not applicable,_Z,Not applicable,2015-05,,63.7705330619048,,A,Normal value,0,Units,1,One,,
DATAFLOW,OECD.SDD.STES:DSD_KEI@DF_KEI(4.0),Key short-term economic indicators,I,IND,India,M,Monthly,CC,Nominal exchange rates,XDC_USD,National currency per US dollar,_Z,Not applicable,_Z,Not applicable,_Z,Not applicable,2015-06,,63.8522683918182,,A,Normal value,0,Units,1,One,,
DATAFLOW,OECD.SDD.STES:DSD_KEI@DF_KEI(4.0),Key short-term economic indicators,I,IND,India,M,Monthly,CC,Nominal exchange rates,XDC_USD,National currency per US dollar,_Z,Not applicable,_Z,Not applicable,_Z,Not applicable,2015-07,,63.6525747873913,,A,Normal value,0,Units,1,One,,
DATAFLOW,OECD.SDD.STES:DSD_KEI@DF_KEI(4.0),Key short-term economic indicators,I,IND,India,M,Monthly,CC,Nominal exchange rates,XDC_USD,National currency per US dollar,_Z,Not applicable,_Z,Not applicable,_Z,Not applicable,2015-08,,65.0842759266667,,A,Normal value,0,Units,1,One,,
DATAFLOW,OECD.SDD.STES:DSD_KEI@DF_KEI(4.0),Key short-term economic indicators,I,IND,India,M,Monthly,CC,Nominal exchange rates,XDC_USD,National currency per US dollar,_Z,Not applicable,_Z,Not applicable,_Z,Not applicable,2015-09,,66.2337993272727,,A,Normal value,0,Units,1,One,,
DATAFLOW,OECD.SDD.STES:DSD_KEI@DF_KEI(4.0),Key short-term economic indicators,I,IND,India,M,Monthly,CC,Nominal exchange rates,XDC_USD,National currency per US dollar,_Z,Not applicable,_Z,Not applicable,_Z,Not applicable,2015-10,,65.08420528,,A,Normal value,0,Units,1,One,,
DATAFLOW,OECD.SDD.STES:DSD_KEI@DF_KEI(4.0),Key short-term economic indicators,I,IND,India,M,Monthly,CC,Nominal exchange rates,XDC_USD,National currency per US dollar,_Z,Not applicable,_Z,Not applicable,_Z,Not applicable,2015-11,,66.1913670128571,,A,Normal value,0,Units,1,One,,
DATAFLOW,OECD.SDD.STES:DSD_KEI@DF_KEI(4.0),Key short-term economic indicators,I,IND,India,M,Monthly,CC,Nominal exchange rates,XDC_USD,National currency per US dollar,_Z,Not applicable,_Z,Not applicable,_Z,Not applicable,2015-12,,66.5603823456522,,A,Normal value,0,Units,1,One,,
DATAFLOW,OECD.SDD.STES:DSD_KEI@DF_KEI(4.0),Key short-term economic indicators,I,IND,India,M,Monthly,CC,Nominal exchange rates,XDC_USD,National currency per US dollar,_Z,Not applicable,_Z,Not applicable,_Z,Not applicable,2016-01,,67.3198808938095,,A,Normal value,0,Units,1,One,,
DATAFLOW,OECD.SDD.STES:DSD_KEI@DF_KEI(4.0),Key short-term economic indicators,I,IND,India,M,Monthly,CC,Nominal exchange rates,XDC_USD,National currency per US dollar,_Z,Not applicable,_Z,Not applicable,_Z,Not applicable,2016-02,,68.2354144142857,,A,Normal value,0,Units,1,One,,
DATAFLOW,OECD.SDD.STES:DSD_KEI@DF_KEI(4.0),Key short-term economic indicators,I,IND,India,M,Monthly,CC,Nominal exchange rates,XDC_USD,National currency per US dollar,_Z,Not applicable,_Z,Not applicable,_Z,Not applicable,2016-03,,66.9515224952174,,A,Normal value,0,Units,1,One,,
DATAFLOW,OECD.SDD.STES:DSD_KEI@DF_KEI(4.0),Key short-term economic indicators,I,IND,India,M,Monthly,CC,Nominal exchange rates,XDC_USD,National currency per US dollar,_Z,Not applicable,_Z,Not applicable,_Z,Not applicable,2016-04,,66.4826198771429,,A,Normal value,0,Units,1,One,,
DATAFLOW,OECD.SDD.STES:DSD_KEI@DF_KEI(4.0),Key short-term economic indicators,I,IND,India,M,Monthly,CC,Nominal exchange rates,XDC_USD,National currency per US dollar,_Z,Not applicable,_Z,Not applicable,_Z,Not applicable,2016-05,,66.9300544040909,,A,Normal value,0,Units,1,One,,
DATAFLOW,OECD.SDD.STES:DSD_KEI@DF_KEI(4.0),Key short-term economic indicators,I,IND,India,M,Monthly,CC,Nominal exchange rates,XDC_USD,National currency per US dollar,_Z,Not applicable,_Z,Not applicable,_Z,Not applicable,2016-06,,67.2953366368182,,A,Normal value,0,Units,1,One,,
DATAFLOW,OECD.SDD.STES:DSD_KEI@DF_KEI(4.0),Key short-term economic indicators,I,IND,India,M,Monthly,CC,Nominal exchange rates,XDC_USD,National currency per US dollar,_Z,Not applicable,_Z,Not applicable,_Z,Not applicable,2016-07,,67.2060089119048,,A,Normal value,0,Units,1,One,,
DATAFLOW,OECD.SDD.STES:DSD_KEI@DF_KEI(4.0),Key short-term economic indicators,I,IND,India,M,Monthly,CC,Nominal exchange rates,XDC_USD,National currency per US dollar,_Z,Not applicable,_Z,Not applicable,_Z,Not applicable,2016-08,,66.9215127686956,,A,Normal value,0,Units,1,One,,
DATAFLOW,OECD.SDD.STES:DSD_KEI@DF_KEI(4.0),Key short-term economic indicators,I,IND,India,M,Monthly,CC,Nominal exchange rates,XDC_USD,National currency per US dollar,_Z,Not applicable,_Z,Not applicable,_Z,Not applicable,2016-09,,66.7670409468182,,A,Normal value,0,Units,1,One,,
DATAFLOW,OECD.SDD.STES:DSD_KEI@DF_KEI(4.0),Key short-term economic indicators,I,IND,India,M,Monthly,CC,Nominal exchange rates,XDC_USD,National currency per US dollar,_Z,Not applicable,_Z,Not applicable,_Z,Not applicable,2016-10,,66.7238715028571,,A,Normal value,0,Units,1,One,,
DATAFLOW,OECD.SDD.STES:DSD_KEI@DF_KEI(4.0),Key short-term economic indicators,I,IND,India,M,Monthly,CC,Nominal exchange rates,XDC_USD,National currency per US dollar,_Z,Not applicable,_Z,Not applicable,_Z,Not applicable,2016-11,,67.5956819713636,,A,Normal value,0,Units,1,One,,
DATAFLOW,OECD.SDD.STES:DSD_KEI@DF_KEI(4.0),Key short-term economic indicators,I,IND,India,M,Monthly,CC,Nominal exchange rates,XDC_USD,National currency per US dollar,_Z,Not applicable,_Z,Not applicable,_Z,Not applicable,2016-12,,67.8654046490909,,A,Normal value,0,Units,1,One,,
DATAFLOW,OECD.SDD.STES:DSD_KEI@DF_KEI(4.0),Key short-term economic indicators,I,IND,India,M,Monthly,CC,Nominal exchange rates,XDC_USD,National currency per US dollar,_Z,Not applicable,_Z,Not applicable,_Z,Not applicable,2017-01,,68.0961133786364,,A,Normal value,0,Units,1,One,,
DATAFLOW,OECD.SDD.STES:DSD_KEI@DF_KEI(4.0),Key short-term economic indicators,I,IND,India,M,Monthly,CC,Nominal exchange rates,XDC_USD,National currency per US dollar,_Z,Not applicable,_Z,Not applicable,_Z,Not applicable,2017-02,,67.033124924,,A,Normal value,0,Units,1,One,,
DATAFLOW,OECD.SDD.STES:DSD_KEI@DF_KEI(4.0),Key short-term economic indicators,I,IND,India,M,Monthly,CC,Nominal exchange rates,XDC_USD,National currency per US dollar,_Z,Not applicable,_Z,Not applicable,_Z,Not applicable,2017-03,,65.8634693304348,,A,Normal value,0,Units,1,One,,
DATAFLOW,OECD.SDD.STES:DSD_KEI@DF_KEI(4.0),Key short-term economic indicators,I,IND,India,M,Monthly,CC,Nominal exchange rates,XDC_USD,National currency per US dollar,_Z,Not applicable,_Z,Not applicable,_Z,Not applicable,2017-04,,64.5236202255,,A,Normal value,0,Units,1,One,,
DATAFLOW,OECD.SDD.STES:DSD_KEI@DF_KEI(4.0),Key short-term economic indicators,I,IND,India,M,Monthly,CC,Nominal exchange rates,XDC_USD,National currency per US dollar,_Z,Not applicable,_Z,Not applicable,_Z,Not applicable,2017-05,,64.4467262604348,,A,Normal value,0,Units,1,One,,
DATAFLOW,OECD.SDD.STES:DSD_KEI@DF_KEI(4.0),Key short-term economic indicators,I,IND,India,M,Monthly,CC,Nominal exchange rates,XDC_USD,National currency per US dollar,_Z,Not applicable,_Z,Not applicable,_Z,Not applicable,2017-06,,64.4503374968182,,A,Normal value,0,Units,1,One,,
DATAFLOW,OECD.SDD.STES:DSD_KEI@DF_KEI(4.0),Key short-term economic indicators,I,IND,India,M,Monthly,CC,Nominal exchange rates,XDC_USD,National currency per US dollar,_Z,Not applicable,_Z,Not applicable,_Z,Not applicable,2017-07,,64.4564285714286,,A,Normal value,0,Units,1,One,,
DATAFLOW,OECD.SDD.STES:DSD_KEI@DF_KEI(4.0),Key short-term economic indicators,I,IND,India,M,Monthly,CC,Nominal exchange rates,XDC_USD,National currency per US dollar,_Z,Not applicable,_Z,Not applicable,_Z,Not applicable,2017-08,,63.9747434782609,,A,Normal value,0,Units,1,One,,
DATAFLOW,OECD.SDD.STES:DSD_KEI@DF_KEI(4.0),Key short-term economic indicators,I,IND,India,M,Monthly,CC,Nominal exchange rates,XDC_USD,National currency per US dollar,_Z,Not applicable,_Z,Not applicable,_Z,Not applicable,2017-09,,64.4622238095238,,A,Normal value,0,Units,1,One,,
DATAFLOW,OECD.SDD.STES:DSD_KEI@DF_KEI(4.0),Key short-term economic indicators,I,IND,India,M,Monthly,CC,Nominal exchange rates,XDC_USD,National currency per US dollar,_Z,Not applicable,_Z,Not applicable,_Z,Not applicable,2017-10,,65.0689681818182,,A,Normal value,0,Units,1,One,,
DATAFLOW,OECD.SDD.STES:DSD_KEI@DF_KEI(4.0),Key short-term economic indicators,I,IND,India,M,Monthly,CC,Nominal exchange rates,XDC_USD,National currency per US dollar,_Z,Not applicable,_Z,Not applicable,_Z,Not applicable,2017-11,,64.8698136363636,,A,Normal value,0,Units,1,One,,
DATAFLOW,OECD.SDD.STES:DSD_KEI@DF_KEI(4.0),Key short-term economic indicators,I,IND,India,M,Monthly,CC,Nominal exchange rates,XDC_USD,National currency per US dollar,_Z,Not applicable,_Z,Not applicable,_Z,Not applicable,2017-12,,64.2520952380952,,A,Normal value,0,Units,1,One,,
DATAFLOW,OECD.SDD.STES:DSD_KEI@DF_KEI(4.0),Key short-term economic indicators,I,IND,India,M,Monthly,CC,Nominal exchange rates,XDC_USD,National currency per US dollar,_Z,Not applicable,_Z,Not applicable,_Z,Not applicable,2018-01,,63.6434739130435,,A,Normal value,0,Units,1,One,,
DATAFLOW,OECD.SDD.STES:DSD_KEI@DF_KEI(4.0),Key short-term economic indicators,I,IND,India,M,Monthly,CC,Nominal exchange rates,XDC_USD,National currency per US dollar,_Z,Not applicable,_Z,Not applicable,_Z,Not applicable,2018-02,,64.406725,,A,Normal value,0,Units,1,One,,
DATAFLOW,OECD.SDD.STES:DSD_KEI@DF_KEI(4.0),Key short-term economic indicators,I,IND,India,M,Monthly,CC,Nominal exchange rates,XDC_USD,National currency per US dollar,_Z,Not applicable,_Z,Not applicable,_Z,Not applicable,2018-03,,65.0724363636364,,A,Normal value,0,Units,1,One,,
DATAFLOW,OECD.SDD.STES:DSD_KEI@DF_KEI(4.0),Key short-term economic indicators,I,IND,India,M,Monthly,CC,Nominal exchange rates,XDC_USD,National currency per US dollar,_Z,Not applicable,_Z,Not applicable,_Z,Not applicable,2018-04,,65.695180952381,,A,Normal value,0,Units,1,One,,
DATAFLOW,OECD.SDD.STES:DSD_KEI@DF_KEI(4.0),Key short-term economic indicators,I,IND,India,M,Monthly,CC,Nominal exchange rates,XDC_USD,National currency per US dollar,_Z,Not applicable,_Z,Not applicable,_Z,Not applicable,2018-05,,67.5268173913043,,A,Normal value,0,Units,1,One,,
DATAFLOW,OECD.SDD.STES:DSD_KEI@DF_KEI(4.0),Key short-term economic indicators,I,IND,India,M,Monthly,CC,Nominal exchange rates,XDC_USD,National currency per US dollar,_Z,Not applicable,_Z,Not applicable,_Z,Not applicable,2018-06,,67.8044571428571,,A,Normal value,0,Units,1,One,,
DATAFLOW,OECD.SDD.STES:DSD_KEI@DF_KEI(4.0),Key short-term economic indicators,I,IND,India,M,Monthly,CC,Nominal exchange rates,XDC_USD,National currency per US dollar,_Z,Not applicable,_Z,Not applicable,_Z,Not applicable,2018-07,,68.7291636363636,,A,Normal value,0,Units,1,One,,
DATAFLOW,OECD.SDD.STES:DSD_KEI@DF_KEI(4.0),Key short-term economic indicators,I,IND,India,M,Monthly,CC,Nominal exchange rates,XDC_USD,National currency per US dollar,_Z,Not applicable,_Z,Not applicable,_Z,Not applicable,2018-08,,69.6491434782609,,A,Normal value,0,Units,1,One,,
DATAFLOW,OECD.SDD.STES:DSD_KEI@DF_KEI(4.0),Key short-term economic indicators,I,IND,India,M,Monthly,CC,Nominal exchange rates,XDC_USD,National currency per US dollar,_Z,Not applicable,_Z,Not applicable,_Z,Not applicable,2018-09,,72.213055,,A,Normal value,0,Units,1,One,,
DATAFLOW,OECD.SDD.STES:DSD_KEI@DF_KEI(4.0),Key short-term economic indicators,I,IND,India,M,Monthly,CC,Nominal exchange rates,XDC_USD,National currency per US dollar,_Z,Not applicable,_Z,Not applicable,_Z,Not applicable,2018-10,,73.6034130434783,,A,Normal value,0,Units,1,One,,
DATAFLOW,OECD.SDD.STES:DSD_KEI@DF_KEI(4.0),Key short-term economic indicators,I,IND,India,M,Monthly,CC,Nominal exchange rates,XDC_USD,National currency per US dollar,_Z,Not applicable,_Z,Not applicable,_Z,Not applicable,2018-11,,71.8513272727273,,A,Normal value,0,Units,1,One,,
DATAFLOW,OECD.SDD.STES:DSD_KEI@DF_KEI(4.0),Key short-term economic indicators,I,IND,India,M,Monthly,CC,Nominal exchange rates,XDC_USD,National currency per US dollar,_Z,Not applicable,_Z,Not applicable,_Z,Not applicable,2018-12,,70.7201190476191,,A,Normal value,0,Units,1,One,,
DATAFLOW,OECD.SDD.STES:DSD_KEI@DF_KEI(4.0),Key short-term economic indicators,I,IND,India,M,Monthly,CC,Nominal exchange rates,XDC_USD,National currency per US dollar,_Z,Not applicable,_Z,Not applicable,_Z,Not applicable,2019-01,,70.7474304347826,,A,Normal value,0,Units,1,One,,
DATAFLOW,OECD.SDD.STES:DSD_KEI@DF_KEI(4.0),Key short-term economic indicators,I,IND,India,M,Monthly,CC,Nominal exchange rates,XDC_USD,National currency per US dollar,_Z,Not applicable,_Z,Not applicable,_Z,Not applicable,2019-02,,71.2288,,A,Normal value,0,Units,1,One,,
DATAFLOW,OECD.SDD.STES:DSD_KEI@DF_KEI(4.0),Key short-term economic indicators,I,IND,India,M,Monthly,CC,Nominal exchange rates,XDC_USD,National currency per US dollar,_Z,Not applicable,_Z,Not applicable,_Z,Not applicable,2025-03,,86.541519047619,,A,Normal value,0,Units,1,One,,
DATAFLOW,OECD.SDD.STES:DSD_KEI@DF_KEI(4.0),Key short-term economic indicators,I,IND,India,M,Monthly,CC,Nominal exchange rates,XDC_USD,National currency per US dollar,_Z,Not applicable,_Z,Not applicable,_Z,Not applicable,2025-04,,85.5778431818182,,A,Normal value,0,Units,1,One,,
DATAFLOW,OECD.SDD.STES:DSD_KEI@DF_KEI(4.0),Key short-term economic indicators,I,IND,India,M,Monthly,CC,Nominal exchange rates,XDC_USD,National currency per US dollar,_Z,Not applicable,_Z,Not applicable,_Z,Not applicable,2025-05,,85.2506045454546,,A,Normal value,0,Units,1,One,,
DATAFLOW,OECD.SDD.STES:DSD_KEI@DF_KEI(4.0),Key short-term economic indicators,I,IND,India,M,Monthly,CC,Nominal exchange rates,XDC_USD,National currency per US dollar,_Z,Not applicable,_Z,Not applicable,_Z,Not applicable,2025-06,,85.9375928571429,,A,Normal value,0,Units,1,One,,
DATAFLOW,OECD.SDD.STES:DSD_KEI@DF_KEI(4.0),Key short-term economic indicators,I,IND,India,M,Monthly,CC,Nominal exchange rates,XDC_USD,National currency per US dollar,_Z,Not applicable,_Z,Not applicable,_Z,Not applicable,2019-10,,71.0515304347826,,A,Normal value,0,Units,1,One,,
DATAFLOW,OECD.SDD.STES:DSD_KEI@DF_KEI(4.0),Key short-term economic indicators,I,IND,India,M,Monthly,CC,Nominal exchange rates,XDC_USD,National currency per US dollar,_Z,Not applicable,_Z,Not applicable,_Z,Not applicable,2019-11,,71.4789666666667,,A,Normal value,0,Units,1,One,,
DATAFLOW,OECD.SDD.STES:DSD_KEI@DF_KEI(4.0),Key short-term economic indicators,I,IND,India,M,Monthly,CC,Nominal exchange rates,XDC_USD,National currency per US dollar,_Z,Not applicable,_Z,Not applicable,_Z,Not applicable,2019-07,,68.7687304347826,,A,Normal value,0,Units,1,One,,
DATAFLOW,OECD.SDD.STES:DSD_KEI@DF_KEI(4.0),Key short-term economic indicators,I,IND,India,M,Monthly,CC,Nominal exchange rates,XDC_USD,National currency per US dollar,_Z,Not applicable,_Z,Not applicable,_Z,Not applicable,2019-08,,71.1363136363636,,A,Normal value,0,Units,1,One,,
DATAFLOW,OECD.SDD.STES:DSD_KEI@DF_KEI(4.0),Key short-term economic indicators,I,IND,India,M,Monthly,CC,Nominal exchange rates,XDC_USD,National currency per US dollar,_Z,Not applicable,_Z,Not applicable,_Z,Not applicable,2019-09,,71.3720761904762,,A,Normal value,0,Units,1,One,,
DATAFLOW,OECD.SDD.STES:DSD_KEI@DF_KEI(4.0),Key short-term economic indicators,I,IND,India,M,Monthly,CC,Nominal exchange rates,XDC_USD,National currency per US dollar,_Z,Not applicable,_Z,Not applicable,_Z,Not applicable,2021-04,,74.4425363636364,,A,Normal value,0,Units,1,One,,
DATAFLOW,OECD.SDD.STES:DSD_KEI@DF_KEI(4.0),Key short-term economic indicators,I,IND,India,M,Monthly,CC,Nominal exchange rates,XDC_USD,National currency per US dollar,_Z,Not applicable,_Z,Not applicable,_Z,Not applicable,2021-05,,73.2073380952381,,A,Normal value,0,Units,1,One,,
DATAFLOW,OECD.SDD.STES:DSD_KEI@DF_KEI(4.0),Key short-term economic indicators,I,IND,India,M,Monthly,CC,Nominal exchange rates,XDC_USD,National currency per US dollar,_Z,Not applicable,_Z,Not applicable,_Z,Not applicable,2021-06,,73.5653909090909,,A,Normal value,0,Units,1,One,,
DATAFLOW,OECD.SDD.STES:DSD_KEI@DF_KEI(4.0),Key short-term economic indicators,I,IND,India,M,Monthly,CC,Nominal exchange rates,XDC_USD,National currency per US dollar,_Z,Not applicable,_Z,Not applicable,_Z,Not applicable,2021-07,,74.5390636363636,,A,Normal value,0,Units,1,One,,
DATAFLOW,OECD.SDD.STES:DSD_KEI@DF_KEI(4.0),Key short-term economic indicators,I,IND,India,M,Monthly,CC,Nominal exchange rates,XDC_USD,National currency per US dollar,_Z,Not applicable,_Z,Not applicable,_Z,Not applicable,2021-08,,74.1423590909091,,A,Normal value,0,Units,1,One,,
DATAFLOW,OECD.SDD.STES:DSD_KEI@DF_KEI(4.0),Key short-term economic indicators,I,IND,India,M,Monthly,CC,Nominal exchange rates,XDC_USD,National currency per US dollar,_Z,Not applicable,_Z,Not applicable,_Z,Not applicable,2021-09,,73.5911136363636,,A,Normal value,0,Units,1,One,,
DATAFLOW,OECD.SDD.STES:DSD_KEI@DF_KEI(4.0),Key short-term economic indicators,I,IND,India,M,Monthly,CC,Nominal exchange rates,XDC_USD,National currency per US dollar,_Z,Not applicable,_Z,Not applicable,_Z,Not applicable,2021-10,,74.9825761904762,,A,Normal value,0,Units,1,One,,
DATAFLOW,OECD.SDD.STES:DSD_KEI@DF_KEI(4.0),Key short-term economic indicators,I,IND,India,M,Monthly,CC,Nominal exchange rates,XDC_USD,National currency per US dollar,_Z,Not applicable,_Z,Not applicable,_Z,Not applicable,2021-11,,74.4915636363636,,A,Normal value,0,Units,1,One,,
DATAFLOW,OECD.SDD.STES:DSD_KEI@DF_KEI(4.0),Key short-term economic indicators,I,IND,India,M,Monthly,CC,Nominal exchange rates,XDC_USD,National currency per US dollar,_Z,Not applicable,_Z,Not applicable,_Z,Not applicable,2021-12,,75.3579565217391,,A,Normal value,0,Units,1,One,,
DATAFLOW,OECD.SDD.STES:DSD_KEI@DF_KEI(4.0),Key short-term economic indicators,I,IND,India,M,Monthly,CC,Nominal exchange rates,XDC_USD,National currency per US dollar,_Z,Not applicable,_Z,Not applicable,_Z,Not applicable,2022-01,,74.426480952381,,A,Normal value,0,Units,1,One,,
DATAFLOW,OECD.SDD.STES:DSD_KEI@DF_KEI(4.0),Key short-term economic indicators,I,IND,India,M,Monthly,CC,Nominal exchange rates,XDC_USD,National currency per US dollar,_Z,Not applicable,_Z,Not applicable,_Z,Not applicable,2022-02,,74.99117,,A,Normal value,0,Units,1,One,,
DATAFLOW,OECD.SDD.STES:DSD_KEI@DF_KEI(4.0),Key short-term economic indicators,I,IND,India,M,Monthly,CC,Nominal exchange rates,XDC_USD,National currency per US dollar,_Z,Not applicable,_Z,Not applicable,_Z,Not applicable,2022-03,,76.2014913043478,,A,Normal value,0,Units,1,One,,
DATAFLOW,OECD.SDD.STES:DSD_KEI@DF_KEI(4.0),Key short-term economic indicators,I,IND,India,M,Monthly,CC,Nominal exchange rates,XDC_USD,National currency per US dollar,_Z,Not applicable,_Z,Not applicable,_Z,Not applicable,2022-04,,76.1565,,A,Normal value,0,Units,1,One,,
DATAFLOW,OECD.SDD.STES:DSD_KEI@DF_KEI(4.0),Key short-term economic indicators,I,IND,India,M,Monthly,CC,Nominal exchange rates,XDC_USD,National currency per US dollar,_Z,Not applicable,_Z,Not applicable,_Z,Not applicable,2022-05,,77.2902227272727,,A,Normal value,0,Units,1,One,,
DATAFLOW,OECD.SDD.STES:DSD_KEI@DF_KEI(4.0),Key short-term economic indicators,I,IND,India,M,Monthly,CC,Nominal exchange rates,XDC_USD,National currency per US dollar,_Z,Not applicable,_Z,Not applicable,_Z,Not applicable,2022-06,,78.0869818181818,,A,Normal value,0,Units,1,One,,
DATAFLOW,OECD.SDD.STES:DSD_KEI@DF_KEI(4.0),Key short-term economic indicators,I,IND,India,M,Monthly,CC,Nominal exchange rates,XDC_USD,National currency per US dollar,_Z,Not applicable,_Z,Not applicable,_Z,Not applicable,2022-07,,79.6024333333333,,A,Normal value,0,Units,1,One,,
DATAFLOW,OECD.SDD.STES:DSD_KEI@DF_KEI(4.0),Key short-term economic indicators,I,IND,India,M,Monthly,CC,Nominal exchange rates,XDC_USD,National currency per US dollar,_Z,Not applicable,_Z,Not applicable,_Z,Not applicable,2022-08,,79.571247826087,,A,Normal value,0,Units,1,One,,
DATAFLOW,OECD.SDD.STES:DSD_KEI@DF_KEI(4.0),Key short-term economic indicators,I,IND,India,M,Monthly,CC,Nominal exchange rates,XDC_USD,National currency per US dollar,_Z,Not applicable,_Z,Not applicable,_Z,Not applicable,2022-09,,80.2520909090909,,A,Normal value,0,Units,1,One,,
DATAFLOW,OECD.SDD.STES:DSD_KEI@DF_KEI(4.0),Key short-term economic indicators,I,IND,India,M,Monthly,CC,Nominal exchange rates,XDC_USD,National currency per US dollar,_Z,Not applicable,_Z,Not applicable,_Z,Not applicable,2022-10,,82.3744571428571,,A,Normal value,0,Units,1,One,,
DATAFLOW,OECD.SDD.STES:DSD_KEI@DF_KEI(4.0),Key short-term economic indicators,I,IND,India,M,Monthly,CC,Nominal exchange rates,XDC_USD,National currency per US dollar,_Z,Not applicable,_Z,Not applicable,_Z,Not applicable,2022-11,,81.7862863636364,,A,Normal value,0,Units,1,One,,
DATAFLOW,OECD.SDD.STES:DSD_KEI@DF_KEI(4.0),Key short-term economic indicators,I,IND,India,M,Monthly,CC,Nominal exchange rates,XDC_USD,National currency per US dollar,_Z,Not applicable,_Z,Not applicable,_Z,Not applicable,2022-12,,82.5275454545455,,A,Normal value,0,Units,1,One,,
DATAFLOW,OECD.SDD.STES:DSD_KEI@DF_KEI(4.0),Key short-term economic indicators,I,IND,India,M,Monthly,CC,Nominal exchange rates,XDC_USD,National currency per US dollar,_Z,Not applicable,_Z,Not applicable,_Z,Not applicable,2023-01,,81.8510727272727,,A,Normal value,0,Units,1,One,,
DATAFLOW,OECD.SDD.STES:DSD_KEI@DF_KEI(4.0),Key short-term economic indicators,I,IND,India,M,Monthly,CC,Nominal exchange rates,XDC_USD,National currency per US dollar,_Z,Not applicable,_Z,Not applicable,_Z,Not applicable,2023-02,,82.60746,,A,Normal value,0,Units,1,One,,
DATAFLOW,OECD.SDD.STES:DSD_KEI@DF_KEI(4.0),Key short-term economic indicators,I,IND,India,M,Monthly,CC,Nominal exchange rates,XDC_USD,National currency per US dollar,_Z,Not applicable,_Z,Not applicable,_Z,Not applicable,2023-03,,82.3334260869565,,A,Normal value,0,Units,1,One,,
DATAFLOW,OECD.SDD.STES:DSD_KEI@DF_KEI(4.0),Key short-term economic indicators,I,IND,India,M,Monthly,CC,Nominal exchange rates,XDC_USD,National currency per US dollar,_Z,Not applicable,_Z,Not applicable,_Z,Not applicable,2023-04,,82.008815,,A,Normal value,0,Units,1,One,,
DATAFLOW,OECD.SDD.STES:DSD_KEI@DF_KEI(4.0),Key short-term economic indicators,I,IND,India,M,Monthly,CC,Nominal exchange rates,XDC_USD,National currency per US dollar,_Z,Not applicable,_Z,Not applicable,_Z,Not applicable,2023-05,,82.3099434782609,,A,Normal value,0,Units,1,One,,
DATAFLOW,OECD.SDD.STES:DSD_KEI@DF_KEI(4.0),Key short-term economic indicators,I,IND,India,M,Monthly,CC,Nominal exchange rates,XDC_USD,National currency per US dollar,_Z,Not applicable,_Z,Not applicable,_Z,Not applicable,2023-06,,82.2246363636364,,A,Normal value,0,Units,1,One,,
DATAFLOW,OECD.SDD.STES:DSD_KEI@DF_KEI(4.0),Key short-term economic indicators,I,IND,India,M,Monthly,CC,Nominal exchange rates,XDC_USD,National currency per US dollar,_Z,Not applicable,_Z,Not applicable,_Z,Not applicable,2023-07,,82.1503619047619,,A,Normal value,0,Units,1,One,,
DATAFLOW,OECD.SDD.STES:DSD_KEI@DF_KEI(4.0),Key short-term economic indicators,I,IND,India,M,Monthly,CC,Nominal exchange rates,XDC_USD,National currency per US dollar,_Z,Not applicable,_Z,Not applicable,_Z,Not applicable,2023-08,,82.7945826086956,,A,Normal value,0,Units,1,One,,
DATAFLOW,OECD.SDD.STES:DSD_KEI@DF_KEI(4.0),Key short-term economic indicators,I,IND,India,M,Monthly,CC,Nominal exchange rates,XDC_USD,National currency per US dollar,_Z,Not applicable,_Z,Not applicable,_Z,Not applicable,2023-09,,83.068580952381,,A,Normal value,0,Units,1,One,,
DATAFLOW,OECD.SDD.STES:DSD_KEI@DF_KEI(4.0),Key short-term economic indicators,I,IND,India,M,Monthly,CC,Nominal exchange rates,XDC_USD,National currency per US dollar,_Z,Not applicable,_Z,Not applicable,_Z,Not applicable,2023-10,,83.2253272727273,,A,Normal value,0,Units,1,One,,
DATAFLOW,OECD.SDD.STES:DSD_KEI@DF_KEI(4.0),Key short-term economic indicators,I,IND,India,M,Monthly,CC,Nominal exchange rates,XDC_USD,National currency per US dollar,_Z,Not applicable,_Z,Not applicable,_Z,Not applicable,2023-11,,83.3067931818182,,A,Normal value,0,Units,1,One,,
DATAFLOW,OECD.SDD.STES:DSD_KEI@DF_KEI(4.0),Key short-term economic indicators,I,IND,India,M,Monthly,CC,Nominal exchange rates,XDC_USD,National currency per US dollar,_Z,Not applicable,_Z,Not applicable,_Z,Not applicable,2023-12,,83.2652380952381,,A,Normal value,0,Units,1,One,,
DATAFLOW,OECD.SDD.STES:DSD_KEI@DF_KEI(4.0),Key short-term economic indicators,I,IND,India,M,Monthly,CC,Nominal exchange rates,XDC_USD,National currency per US dollar,_Z,Not applicable,_Z,Not applicable,_Z,Not applicable,2024-01,,83.1144565217391,,A,Normal value,0,Units,1,One,,
DATAFLOW,OECD.SDD.STES:DSD_KEI@DF_KEI(4.0),Key short-term economic indicators,I,IND,India,M,Monthly,CC,Nominal exchange rates,XDC_USD,National currency per US dollar,_Z,Not applicable,_Z,Not applicable,_Z,Not applicable,2024-02,,82.9759238095238,,A,Normal value,0,Units,1,One,,
DATAFLOW,OECD.SDD.STES:DSD_KEI@DF_KEI(4.0),Key short-term economic indicators,I,IND,India,M,Monthly,CC,Nominal exchange rates,XDC_USD,National currency per US dollar,_Z,Not applicable,_Z,Not applicable,_Z,Not applicable,2024-03,,83.0396166666667,,A,Normal value,0,Units,1,One,,
DATAFLOW,OECD.SDD.STES:DSD_KEI@DF_KEI(4.0),Key short-term economic indicators,I,IND,India,M,Monthly,CC,Nominal exchange rates,XDC_USD,National currency per US dollar,_Z,Not applicable,_Z,Not applicable,_Z,Not applicable,2024-04,,83.3910522727273,,A,Normal value,0,Units,1,One,,
DATAFLOW,OECD.SDD.STES:DSD_KEI@DF_KEI(4.0),Key short-term economic indicators,I,IND,India,M,Monthly,CC,Nominal exchange rates,XDC_USD,National currency per US dollar,_Z,Not applicable,_Z,Not applicable,_Z,Not applicable,2024-05,,83.3922282608696,,A,Normal value,0,Units,1,One,,
DATAFLOW,OECD.SDD.STES:DSD_KEI@DF_KEI(4.0),Key short-term economic indicators,I,IND,India,M,Monthly,CC,Nominal exchange rates,XDC_USD,National currency per US dollar,_Z,Not applicable,_Z,Not applicable,_Z,Not applicable,2024-06,,83.4813125,,A,Normal value,0,Units,1,One,,
DATAFLOW,OECD.SDD.STES:DSD_KEI@DF_KEI(4.0),Key short-term economic indicators,I,IND,India,M,Monthly,CC,Nominal exchange rates,XDC_USD,National currency per US dollar,_Z,Not applicable,_Z,Not applicable,_Z,Not applicable,2024-07,,83.605002173913,,A,Normal value,0,Units,1,One,,
DATAFLOW,OECD.SDD.STES:DSD_KEI@DF_KEI(4.0),Key short-term economic indicators,I,IND,India,M,Monthly,CC,Nominal exchange rates,XDC_USD,National currency per US dollar,_Z,Not applicable,_Z,Not applicable,_Z,Not applicable,2024-08,,83.9067340909091,,A,Normal value,0,Units,1,One,,
DATAFLOW,OECD.SDD.STES:DSD_KEI@DF_KEI(4.0),Key short-term economic indicators,I,IND,India,M,Monthly,CC,Nominal exchange rates,XDC_USD,National currency per US dollar,_Z,Not applicable,_Z,Not applicable,_Z,Not applicable,2024-09,,83.8203595238095,,A,Normal value,0,Units,1,One,,
DATAFLOW,OECD.SDD.STES:DSD_KEI@DF_KEI(4.0),Key short-term economic indicators,I,IND,India,M,Monthly,CC,Nominal exchange rates,XDC_USD,National currency per US dollar,_Z,Not applicable,_Z,Not applicable,_Z,Not applicable,2024-10,,84.0207891304348,,A,Normal value,0,Units,1,One,,
DATAFLOW,OECD.SDD.STES:DSD_KEI@DF_KEI(4.0),Key short-term economic indicators,I,IND,India,M,Monthly,CC,Nominal exchange rates,XDC_USD,National currency per US dollar,_Z,Not applicable,_Z,Not applicable,_Z,Not applicable,2024-11,,84.3607142857143,,A,Normal value,0,Units,1,One,,
DATAFLOW,OECD.SDD.STES:DSD_KEI@DF_KEI(4.0),Key short-term economic indicators,I,IND,India,M,Monthly,CC,Nominal exchange rates,XDC_USD,National currency per US dollar,_Z,Not applicable,_Z,Not applicable,_Z,Not applicable,2024-12,,84.9988954545454,,A,Normal value,0,Units,1,One,,
DATAFLOW,OECD.SDD.STES:DSD_KEI@DF_KEI(4.0),Key short-term economic indicators,I,IND,India,M,Monthly,CC,Nominal exchange rates,XDC_USD,National currency per US dollar,_Z,Not applicable,_Z,Not applicable,_Z,Not applicable,2025-01,,86.2594869565217,,A,Normal value,0,Units,1,One,,
DATAFLOW,OECD.SDD.STES:DSD_KEI@DF_KEI(4.0),Key short-term economic indicators,I,IND,India,M,Monthly,CC,Nominal exchange rates,XDC_USD,National currency per US dollar,_Z,Not applicable,_Z,Not applicable,_Z,Not applicable,2008-02,,39.7622380938095,,A,Normal value,0,Units,1,One,,
DATAFLOW,OECD.SDD.STES:DSD_KEI@DF_KEI(4.0),Key short-term economic indicators,I,IND,India,M,Monthly,CC,Nominal exchange rates,XDC_USD,National currency per US dollar,_Z,Not applicable,_Z,Not applicable,_Z,Not applicable,2008-03,,40.3403808952381,,A,Normal value,0,Units,1,One,,
DATAFLOW,OECD.SDD.STES:DSD_KEI@DF_KEI(4.0),Key short-term economic indicators,I,IND,India,M,Monthly,CC,Nominal exchange rates,XDC_USD,National currency per US dollar,_Z,Not applicable,_Z,Not applicable,_Z,Not applicable,2008-04,,40.0440004527273,,A,Normal value,0,Units,1,One,,
DATAFLOW,OECD.SDD.STES:DSD_KEI@DF_KEI(4.0),Key short-term economic indicators,I,IND,India,M,Monthly,CC,Nominal exchange rates,XDC_USD,National currency per US dollar,_Z,Not applicable,_Z,Not applicable,_Z,Not applicable,2008-05,,42.09631833,,A,Normal value,0,Units,1,One,,
DATAFLOW,OECD.SDD.STES:DSD_KEI@DF_KEI(4.0),Key short-term economic indicators,I,IND,India,M,Monthly,CC,Nominal exchange rates,XDC_USD,National currency per US dollar,_Z,Not applicable,_Z,Not applicable,_Z,Not applicable,2008-06,,42.8345242457143,,A,Normal value,0,Units,1,One,,
DATAFLOW,OECD.SDD.STES:DSD_KEI@DF_KEI(4.0),Key short-term economic indicators,I,IND,India,M,Monthly,CC,Nominal exchange rates,XDC_USD,National currency per US dollar,_Z,Not applicable,_Z,Not applicable,_Z,Not applicable,2008-07,,42.8532603713044,,A,Normal value,0,Units,1,One,,
DATAFLOW,OECD.SDD.STES:DSD_KEI@DF_KEI(4.0),Key short-term economic indicators,I,IND,India,M,Monthly,CC,Nominal exchange rates,XDC_USD,National currency per US dollar,_Z,Not applicable,_Z,Not applicable,_Z,Not applicable,2008-08,,43.0224287852381,,A,Normal value,0,Units,1,One,,
DATAFLOW,OECD.SDD.STES:DSD_KEI@DF_KEI(4.0),Key short-term economic indicators,I,IND,India,M,Monthly,CC,Nominal exchange rates,XDC_USD,National currency per US dollar,_Z,Not applicable,_Z,Not applicable,_Z,Not applicable,2008-09,,45.6021816936364,,A,Normal value,0,Units,1,One,,
DATAFLOW,OECD.SDD.STES:DSD_KEI@DF_KEI(4.0),Key short-term economic indicators,I,IND,India,M,Monthly,CC,Nominal exchange rates,XDC_USD,National currency per US dollar,_Z,Not applicable,_Z,Not applicable,_Z,Not applicable,2008-10,,48.6405654582609,,A,Normal value,0,Units,1,One,,
DATAFLOW,OECD.SDD.STES:DSD_KEI@DF_KEI(4.0),Key short-term economic indicators,I,IND,India,M,Monthly,CC,Nominal exchange rates,XDC_USD,National currency per US dollar,_Z,Not applicable,_Z,Not applicable,_Z,Not applicable,2008-11,,49.042250251,,A,Normal value,0,Units,1,One,,
DATAFLOW,OECD.SDD.STES:DSD_KEI@DF_KEI(4.0),Key short-term economic indicators,I,IND,India,M,Monthly,CC,Nominal exchange rates,XDC_USD,National currency per US dollar,_Z,Not applicable,_Z,Not applicable,_Z,Not applicable,2008-12,,48.747800446,,A,Normal value,0,Units,1,One,,
DATAFLOW,OECD.SDD.STES:DSD_KEI@DF_KEI(4.0),Key short-term economic indicators,I,IND,India,M,Monthly,CC,Nominal exchange rates,XDC_USD,National currency per US dollar,_Z,Not applicable,_Z,Not applicable,_Z,Not applicable,2009-01,,48.9004997255,,A,Normal value,0,Units,1,One,,
DATAFLOW,OECD.SDD.STES:DSD_KEI@DF_KEI(4.0),Key short-term economic indicators,I,IND,India,M,Monthly,CC,Nominal exchange rates,XDC_USD,National currency per US dollar,_Z,Not applicable,_Z,Not applicable,_Z,Not applicable,2009-02,,49.2212505345,,A,Normal value,0,Units,1,One,,
DATAFLOW,OECD.SDD.STES:DSD_KEI@DF_KEI(4.0),Key short-term economic indicators,I,IND,India,M,Monthly,CC,Nominal exchange rates,XDC_USD,National currency per US dollar,_Z,Not applicable,_Z,Not applicable,_Z,Not applicable,2009-03,,51.1040907772727,,A,Normal value,0,Units,1,One,,
DATAFLOW,OECD.SDD.STES:DSD_KEI@DF_KEI(4.0),Key short-term economic indicators,I,IND,India,M,Monthly,CC,Nominal exchange rates,XDC_USD,National currency per US dollar,_Z,Not applicable,_Z,Not applicable,_Z,Not applicable,2009-04,,49.9413635954545,,A,Normal value,0,Units,1,One,,
DATAFLOW,OECD.SDD.STES:DSD_KEI@DF_KEI(4.0),Key short-term economic indicators,I,IND,India,M,Monthly,CC,Nominal exchange rates,XDC_USD,National currency per US dollar,_Z,Not applicable,_Z,Not applicable,_Z,Not applicable,2009-05,,48.4466670814286,,A,Normal value,0,Units,1,One,,
DATAFLOW,OECD.SDD.STES:DSD_KEI@DF_KEI(4.0),Key short-term economic indicators,I,IND,India,M,Monthly,CC,Nominal exchange rates,XDC_USD,National currency per US dollar,_Z,Not applicable,_Z,Not applicable,_Z,Not applicable,2009-06,,47.6718184736364,,A,Normal value,0,Units,1,One,,
DATAFLOW,OECD.SDD.STES:DSD_KEI@DF_KEI(4.0),Key short-term economic indicators,I,IND,India,M,Monthly,CC,Nominal exchange rates,XDC_USD,National currency per US dollar,_Z,Not applicable,_Z,Not applicable,_Z,Not applicable,2009-07,,48.3521736808696,,A,Normal value,0,Units,1,One,,
DATAFLOW,OECD.SDD.STES:DSD_KEI@DF_KEI(4.0),Key short-term economic indicators,I,IND,India,M,Monthly,CC,Nominal exchange rates,XDC_USD,National currency per US dollar,_Z,Not applicable,_Z,Not applicable,_Z,Not applicable,2009-08,,48.2461911157143,,A,Normal value,0,Units,1,One,,
DATAFLOW,OECD.SDD.STES:DSD_KEI@DF_KEI(4.0),Key short-term economic indicators,I,IND,India,M,Monthly,CC,Nominal exchange rates,XDC_USD,National currency per US dollar,_Z,Not applicable,_Z,Not applicable,_Z,Not applicable,2009-09,,48.3095455163636,,A,Normal value,0,Units,1,One,,
DATAFLOW,OECD.SDD.STES:DSD_KEI@DF_KEI(4.0),Key short-term economic indicators,I,IND,India,M,Monthly,CC,Nominal exchange rates,XDC_USD,National currency per US dollar,_Z,Not applicable,_Z,Not applicable,_Z,Not applicable,2009-10,,46.6304550181818,,A,Normal value,0,Units,1,One,,
DATAFLOW,OECD.SDD.STES:DSD_KEI@DF_KEI(4.0),Key short-term economic indicators,I,IND,India,M,Monthly,CC,Nominal exchange rates,XDC_USD,National currency per US dollar,_Z,Not applicable,_Z,Not applicable,_Z,Not applicable,2009-11,,46.5280954271429,,A,Normal value,0,Units,1,One,,
DATAFLOW,OECD.SDD.STES:DSD_KEI@DF_KEI(4.0),Key short-term economic indicators,I,IND,India,M,Monthly,CC,Nominal exchange rates,XDC_USD,National currency per US dollar,_Z,Not applicable,_Z,Not applicable,_Z,Not applicable,2009-12,,46.5247825956522,,A,Normal value,0,Units,1,One,,
DATAFLOW,OECD.SDD.STES:DSD_KEI@DF_KEI(4.0),Key short-term economic indicators,I,IND,India,M,Monthly,CC,Nominal exchange rates,XDC_USD,National currency per US dollar,_Z,Not applicable,_Z,Not applicable,_Z,Not applicable,2010-01,,45.9195238747619,,A,Normal value,0,Units,1,One,,
DATAFLOW,OECD.SDD.STES:DSD_KEI@DF_KEI(4.0),Key short-term economic indicators,I,IND,India,M,Monthly,CC,Nominal exchange rates,XDC_USD,National currency per US dollar,_Z,Not applicable,_Z,Not applicable,_Z,Not applicable,2010-02,,46.2650003435,,A,Normal value,0,Units,1,One,,
DATAFLOW,OECD.SDD.STES:DSD_KEI@DF_KEI(4.0),Key short-term economic indicators,I,IND,India,M,Monthly,CC,Nominal exchange rates,XDC_USD,National currency per US dollar,_Z,Not applicable,_Z,Not applicable,_Z,Not applicable,2010-03,,45.4565215730435,,A,Normal value,0,Units,1,One,,
DATAFLOW,OECD.SDD.STES:DSD_KEI@DF_KEI(4.0),Key short-term economic indicators,I,IND,India,M,Monthly,CC,Nominal exchange rates,XDC_USD,National currency per US dollar,_Z,Not applicable,_Z,Not applicable,_Z,Not applicable,2010-04,,44.4477275513636,,A,Normal value,0,Units,1,One,,
DATAFLOW,OECD.SDD.STES:DSD_KEI@DF_KEI(4.0),Key short-term economic indicators,I,IND,India,M,Monthly,CC,Nominal exchange rates,XDC_USD,National currency per US dollar,_Z,Not applicable,_Z,Not applicable,_Z,Not applicable,2010-05,,45.7776191347619,,A,Normal value,0,Units,1,One,,
DATAFLOW,OECD.SDD.STES:DSD_KEI@DF_KEI(4.0),Key short-term economic indicators,I,IND,India,M,Monthly,CC,Nominal exchange rates,XDC_USD,National currency per US dollar,_Z,Not applicable,_Z,Not applicable,_Z,Not applicable,2010-06,,46.4770457536364,,A,Normal value,0,Units,1,One,,
DATAFLOW,OECD.SDD.STES:DSD_KEI@DF_KEI(4.0),Key short-term economic indicators,I,IND,India,M,Monthly,CC,Nominal exchange rates,XDC_USD,National currency per US dollar,_Z,Not applicable,_Z,Not applicable,_Z,Not applicable,2010-07,,46.7702269118182,,A,Normal value,0,Units,1,One,,
DATAFLOW,OECD.SDD.STES:DSD_KEI@DF_KEI(4.0),Key short-term economic indicators,I,IND,India,M,Monthly,CC,Nominal exchange rates,XDC_USD,National currency per US dollar,_Z,Not applicable,_Z,Not applicable,_Z,Not applicable,2010-08,,46.501817875,,A,Normal value,0,Units,1,One,,
DATAFLOW,OECD.SDD.STES:DSD_KEI@DF_KEI(4.0),Key short-term economic indicators,I,IND,India,M,Monthly,CC,Nominal exchange rates,XDC_USD,National currency per US dollar,_Z,Not applicable,_Z,Not applicable,_Z,Not applicable,2010-09,,45.8762727218182,,A,Normal value,0,Units,1,One,,
DATAFLOW,OECD.SDD.STES:DSD_KEI@DF_KEI(4.0),Key short-term economic indicators,I,IND,India,M,Monthly,CC,Nominal exchange rates,XDC_USD,National currency per US dollar,_Z,Not applicable,_Z,Not applicable,_Z,Not applicable,2010-10,,44.3442855114286,,A,Normal value,0,Units,1,One,,
DATAFLOW,OECD.SDD.STES:DSD_KEI@DF_KEI(4.0),Key short-term economic indicators,I,IND,India,M,Monthly,CC,Nominal exchange rates,XDC_USD,National currency per US dollar,_Z,Not applicable,_Z,Not applicable,_Z,Not applicable,2010-11,,44.9606819163636,,A,Normal value,0,Units,1,One,,
DATAFLOW,OECD.SDD.STES:DSD_KEI@DF_KEI(4.0),Key short-term economic indicators,I,IND,India,M,Monthly,CC,Nominal exchange rates,XDC_USD,National currency per US dollar,_Z,Not applicable,_Z,Not applicable,_Z,Not applicable,2010-12,,45.0734783673913,,A,Normal value,0,Units,1,One,,
DATAFLOW,OECD.SDD.STES:DSD_KEI@DF_KEI(4.0),Key short-term economic indicators,I,IND,India,M,Monthly,CC,Nominal exchange rates,XDC_USD,National currency per US dollar,_Z,Not applicable,_Z,Not applicable,_Z,Not applicable,2011-01,,45.3709526057143,,A,Normal value,0,Units,1,One,,
DATAFLOW,OECD.SDD.STES:DSD_KEI@DF_KEI(4.0),Key short-term economic indicators,I,IND,India,M,Monthly,CC,Nominal exchange rates,XDC_USD,National currency per US dollar,_Z,Not applicable,_Z,Not applicable,_Z,Not applicable,2011-02,,45.365999412,,A,Normal value,0,Units,1,One,,
DATAFLOW,OECD.SDD.STES:DSD_KEI@DF_KEI(4.0),Key short-term economic indicators,I,IND,India,M,Monthly,CC,Nominal exchange rates,XDC_USD,National currency per US dollar,_Z,Not applicable,_Z,Not applicable,_Z,Not applicable,2011-03,,44.9104348891304,,A,Normal value,0,Units,1,One,,
DATAFLOW,OECD.SDD.STES:DSD_KEI@DF_KEI(4.0),Key short-term economic indicators,I,IND,India,M,Monthly,CC,Nominal exchange rates,XDC_USD,National currency per US dollar,_Z,Not applicable,_Z,Not applicable,_Z,Not applicable,2011-04,,44.2999996014286,,A,Normal value,0,Units,1,One,,
DATAFLOW,OECD.SDD.STES:DSD_KEI@DF_KEI(4.0),Key short-term economic indicators,I,IND,India,M,Monthly,CC,Nominal exchange rates,XDC_USD,National currency per US dollar,_Z,Not applicable,_Z,Not applicable,_Z,Not applicable,2011-05,,44.907182,,A,Normal value,0,Units,1,One,,
DATAFLOW,OECD.SDD.STES:DSD_KEI@DF_KEI(4.0),Key short-term economic indicators,I,IND,India,M,Monthly,CC,Nominal exchange rates,XDC_USD,National currency per US dollar,_Z,Not applicable,_Z,Not applicable,_Z,Not applicable,2011-06,,44.7959090145455,,A,Normal value,0,Units,1,One,,
DATAFLOW,OECD.SDD.STES:DSD_KEI@DF_KEI(4.0),Key short-term economic indicators,I,IND,India,M,Monthly,CC,Nominal exchange rates,XDC_USD,National currency per US dollar,_Z,Not applicable,_Z,Not applicable,_Z,Not applicable,2011-07,,44.3952376942857,,A,Normal value,0,Units,1,One,,
DATAFLOW,OECD.SDD.STES:DSD_KEI@DF_KEI(4.0),Key short-term economic indicators,I,IND,India,M,Monthly,CC,Nominal exchange rates,XDC_USD,National currency per US dollar,_Z,Not applicable,_Z,Not applicable,_Z,Not applicable,2011-08,,45.3090000978261,,A,Normal value,0,Units,1,One,,
DATAFLOW,OECD.SDD.STES:DSD_KEI@DF_KEI(4.0),Key short-term economic indicators,I,IND,India,M,Monthly,CC,Nominal exchange rates,XDC_USD,National currency per US dollar,_Z,Not applicable,_Z,Not applicable,_Z,Not applicable,2011-09,,47.6137729986364,,A,Normal value,0,Units,1,One,,
DATAFLOW,OECD.SDD.STES:DSD_KEI@DF_KEI(4.0),Key short-term economic indicators,I,IND,India,M,Monthly,CC,Nominal exchange rates,XDC_USD,National currency per US dollar,_Z,Not applicable,_Z,Not applicable,_Z,Not applicable,2011-10,,49.2038094661905,,A,Normal value,0,Units,1,One,,
DATAFLOW,OECD.SDD.STES:DSD_KEI@DF_KEI(4.0),Key short-term economic indicators,I,IND,India,M,Monthly,CC,Nominal exchange rates,XDC_USD,National currency per US dollar,_Z,Not applicable,_Z,Not applicable,_Z,Not applicable,2011-11,,50.6806814018182,,A,Normal value,0,Units,1,One,,
DATAFLOW,OECD.SDD.STES:DSD_KEI@DF_KEI(4.0),Key short-term economic indicators,I,IND,India,M,Monthly,CC,Nominal exchange rates,XDC_USD,National currency per US dollar,_Z,Not applicable,_Z,Not applicable,_Z,Not applicable,2011-12,,52.3936360081818,,A,Normal value,0,Units,1,One,,
DATAFLOW,OECD.SDD.STES:DSD_KEI@DF_KEI(4.0),Key short-term economic indicators,I,IND,India,M,Monthly,CC,Nominal exchange rates,XDC_USD,National currency per US dollar,_Z,Not applicable,_Z,Not applicable,_Z,Not applicable,2012-01,,51.1063631236364,,A,Normal value,0,Units,1,One,,
DATAFLOW,OECD.SDD.STES:DSD_KEI@DF_KEI(4.0),Key short-term economic indicators,I,IND,India,M,Monthly,CC,Nominal exchange rates,XDC_USD,National currency per US dollar,_Z,Not applicable,_Z,Not applicable,_Z,Not applicable,2012-02,,49.1735710871429,,A,Normal value,0,Units,1,One,,
DATAFLOW,OECD.SDD.STES:DSD_KEI@DF_KEI(4.0),Key short-term economic indicators,I,IND,India,M,Monthly,CC,Nominal exchange rates,XDC_USD,National currency per US dollar,_Z,Not applicable,_Z,Not applicable,_Z,Not applicable,2012-03,,50.3475001945455,,A,Normal value,0,Units,1,One,,
DATAFLOW,OECD.SDD.STES:DSD_KEI@DF_KEI(4.0),Key short-term economic indicators,I,IND,India,M,Monthly,CC,Nominal exchange rates,XDC_USD,National currency per US dollar,_Z,Not applicable,_Z,Not applicable,_Z,Not applicable,2012-04,,51.6795236495238,,A,Normal value,0,Units,1,One,,
DATAFLOW,OECD.SDD.STES:DSD_KEI@DF_KEI(4.0),Key short-term economic indicators,I,IND,India,M,Monthly,CC,Nominal exchange rates,XDC_USD,National currency per US dollar,_Z,Not applicable,_Z,Not applicable,_Z,Not applicable,2012-05,,54.33804371,,A,Normal value,0,Units,1,One,,
DATAFLOW,OECD.SDD.STES:DSD_KEI@DF_KEI(4.0),Key short-term economic indicators,I,IND,India,M,Monthly,CC,Nominal exchange rates,XDC_USD,National currency per US dollar,_Z,Not applicable,_Z,Not applicable,_Z,Not applicable,2012-06,,55.9271429157143,,A,Normal value,0,Units,1,One,,
DATAFLOW,OECD.SDD.STES:DSD_KEI@DF_KEI(4.0),Key short-term economic indicators,I,IND,India,M,Monthly,CC,Nominal exchange rates,XDC_USD,National currency per US dollar,_Z,Not applicable,_Z,Not applicable,_Z,Not applicable,2012-07,,55.3968181604545,,A,Normal value,0,Units,1,One,,
DATAFLOW,OECD.SDD.STES:DSD_KEI@DF_KEI(4.0),Key short-term economic indicators,I,IND,India,M,Monthly,CC,Nominal exchange rates,XDC_USD,National currency per US dollar,_Z,Not applicable,_Z,Not applicable,_Z,Not applicable,2012-08,,55.4904343982609,,A,Normal value,0,Units,1,One,,
DATAFLOW,OECD.SDD.STES:DSD_KEI@DF_KEI(4.0),Key short-term economic indicators,I,IND,India,M,Monthly,CC,Nominal exchange rates,XDC_USD,National currency per US dollar,_Z,Not applicable,_Z,Not applicable,_Z,Not applicable,2012-09,,54.4487499245,,A,Normal value,0,Units,1,One,,
DATAFLOW,OECD.SDD.STES:DSD_KEI@DF_KEI(4.0),Key short-term economic indicators,I,IND,India,M,Monthly,CC,Nominal exchange rates,XDC_USD,National currency per US dollar,_Z,Not applicable,_Z,Not applicable,_Z,Not applicable,2012-10,,53.0482610626087,,A,Normal value,0,Units,1,One,,
DATAFLOW,OECD.SDD.STES:DSD_KEI@DF_KEI(4.0),Key short-term economic indicators,I,IND,India,M,Monthly,CC,Nominal exchange rates,XDC_USD,National currency per US dollar,_Z,Not applicable,_Z,Not applicable,_Z,Not applicable,2012-11,,54.8001358709091,,A,Normal value,0,Units,1,One,,
DATAFLOW,OECD.SDD.STES:DSD_KEI@DF_KEI(4.0),Key short-term economic indicators,I,IND,India,M,Monthly,CC,Nominal exchange rates,XDC_USD,National currency per US dollar,_Z,Not applicable,_Z,Not applicable,_Z,Not applicable,2012-12,,54.6352379204762,,A,Normal value,0,Units,1,One,,
DATAFLOW,OECD.SDD.STES:DSD_KEI@DF_KEI(4.0),Key short-term economic indicators,I,IND,India,M,Monthly,CC,Nominal exchange rates,XDC_USD,National currency per US dollar,_Z,Not applicable,_Z,Not applicable,_Z,Not applicable,2013-01,,54.2091303278261,,A,Normal value,0,Units,1,One,,
DATAFLOW,OECD.SDD.STES:DSD_KEI@DF_KEI(4.0),Key short-term economic indicators,I,IND,India,M,Monthly,CC,Nominal exchange rates,XDC_USD,National currency per US dollar,_Z,Not applicable,_Z,Not applicable,_Z,Not applicable,2013-02,,53.84157505,,A,Normal value,0,Units,1,One,,
DATAFLOW,OECD.SDD.STES:DSD_KEI@DF_KEI(4.0),Key short-term economic indicators,I,IND,India,M,Monthly,CC,Nominal exchange rates,XDC_USD,National currency per US dollar,_Z,Not applicable,_Z,Not applicable,_Z,Not applicable,2013-03,,54.4238097785714,,A,Normal value,0,Units,1,One,,
DATAFLOW,OECD.SDD.STES:DSD_KEI@DF_KEI(4.0),Key short-term economic indicators,I,IND,India,M,Monthly,CC,Nominal exchange rates,XDC_USD,National currency per US dollar,_Z,Not applicable,_Z,Not applicable,_Z,Not applicable,2013-04,,54.29727277,,A,Normal value,0,Units,1,One,,
DATAFLOW,OECD.SDD.STES:DSD_KEI@DF_KEI(4.0),Key short-term economic indicators,I,IND,India,M,Monthly,CC,Nominal exchange rates,XDC_USD,National currency per US dollar,_Z,Not applicable,_Z,Not applicable,_Z,Not applicable,2013-05,,55.0703811647619,,A,Normal value,0,Units,1,One,,
DATAFLOW,OECD.SDD.STES:DSD_KEI@DF_KEI(4.0),Key short-term economic indicators,I,IND,India,M,Monthly,CC,Nominal exchange rates,XDC_USD,National currency per US dollar,_Z,Not applicable,_Z,Not applicable,_Z,Not applicable,2013-06,,58.402650261,,A,Normal value,0,Units,1,One,,
DATAFLOW,OECD.SDD.STES:DSD_KEI@DF_KEI(4.0),Key short-term economic indicators,I,IND,India,M,Monthly,CC,Nominal exchange rates,XDC_USD,National currency per US dollar,_Z,Not applicable,_Z,Not applicable,_Z,Not applicable,2013-07,,59.7834344952174,,A,Normal value,0,Units,1,One,,
DATAFLOW,OECD.SDD.STES:DSD_KEI@DF_KEI(4.0),Key short-term economic indicators,I,IND,India,M,Monthly,CC,Nominal exchange rates,XDC_USD,National currency per US dollar,_Z,Not applicable,_Z,Not applicable,_Z,Not applicable,2013-08,,62.8476822595455,,A,Normal value,0,Units,1,One,,
DATAFLOW,OECD.SDD.STES:DSD_KEI@DF_KEI(4.0),Key short-term economic indicators,I,IND,India,M,Monthly,CC,Nominal exchange rates,XDC_USD,National currency per US dollar,_Z,Not applicable,_Z,Not applicable,_Z,Not applicable,2013-09,,63.7901426033333,,A,Normal value,0,Units,1,One,,
DATAFLOW,OECD.SDD.STES:DSD_KEI@DF_KEI(4.0),Key short-term economic indicators,I,IND,India,M,Monthly,CC,Nominal exchange rates,XDC_USD,National currency per US dollar,_Z,Not applicable,_Z,Not applicable,_Z,Not applicable,2007-03,,43.95972668,,A,Normal value,0,Units,1,One,,
DATAFLOW,OECD.SDD.STES:DSD_KEI@DF_KEI(4.0),Key short-term economic indicators,I,IND,India,M,Monthly,CC,Nominal exchange rates,XDC_USD,National currency per US dollar,_Z,Not applicable,_Z,Not applicable,_Z,Not applicable,2007-04,,42.1917617433333,,A,Normal value,0,Units,1,One,,
DATAFLOW,OECD.SDD.STES:DSD_KEI@DF_KEI(4.0),Key short-term economic indicators,I,IND,India,M,Monthly,CC,Nominal exchange rates,XDC_USD,National currency per US dollar,_Z,Not applicable,_Z,Not applicable,_Z,Not applicable,2007-05,,40.8212610317391,,A,Normal value,0,Units,1,One,,
DATAFLOW,OECD.SDD.STES:DSD_KEI@DF_KEI(4.0),Key short-term economic indicators,I,IND,India,M,Monthly,CC,Nominal exchange rates,XDC_USD,National currency per US dollar,_Z,Not applicable,_Z,Not applicable,_Z,Not applicable,2007-06,,40.7777624585714,,A,Normal value,0,Units,1,One,,
DATAFLOW,OECD.SDD.STES:DSD_KEI@DF_KEI(4.0),Key short-term economic indicators,I,IND,India,M,Monthly,CC,Nominal exchange rates,XDC_USD,National currency per US dollar,_Z,Not applicable,_Z,Not applicable,_Z,Not applicable,2007-07,,40.4127273559091,,A,Normal value,0,Units,1,One,,
DATAFLOW,OECD.SDD.STES:DSD_KEI@DF_KEI(4.0),Key short-term economic indicators,I,IND,India,M,Monthly,CC,Nominal exchange rates,XDC_USD,National currency per US dollar,_Z,Not applicable,_Z,Not applicable,_Z,Not applicable,2014-02,,62.2336252215,,A,Normal value,0,Units,1,One,,
DATAFLOW,OECD.SDD.STES:DSD_KEI@DF_KEI(4.0),Key short-term economic indicators,I,IND,India,M,Monthly,CC,Nominal exchange rates,XDC_USD,National currency per US dollar,_Z,Not applicable,_Z,Not applicable,_Z,Not applicable,2014-03,,60.9477955052381,,A,Normal value,0,Units,1,One,,
DATAFLOW,OECD.SDD.STES:DSD_KEI@DF_KEI(4.0),Key short-term economic indicators,I,IND,India,M,Monthly,CC,Nominal exchange rates,XDC_USD,National currency per US dollar,_Z,Not applicable,_Z,Not applicable,_Z,Not applicable,2014-04,,60.3459091195455,,A,Normal value,0,Units,1,One,,
DATAFLOW,OECD.SDD.STES:DSD_KEI@DF_KEI(4.0),Key short-term economic indicators,I,IND,India,M,Monthly,CC,Nominal exchange rates,XDC_USD,National currency per US dollar,_Z,Not applicable,_Z,Not applicable,_Z,Not applicable,2014-05,,59.3684088972727,,A,Normal value,0,Units,1,One,,
